{"graph_0": {"_type": "graph-file", "path": "media/graph/g.r.a.p.h._.0_summary_67976a4d.graph.json", "sha256": "67976a4d4ca808a15098c4f6e924051ab6e279bcb07e785da197e4df5a44d34d", "size": 7170}, "epoch": 1, "train_loss": 1.048886581038942, "val_loss": 102.16902136802673, "val_acc": 64.28, "lr": 0.001, "epoch_time": 15.737624406814575, "_step": 1, "_runtime": 37, "_timestamp": 1604995961}