{"epoch": 21, "train_loss": 0.15125030343947204, "val_loss": 33.90702833235264, "val_acc": 89.55, "_step": 21, "_runtime": 532, "_timestamp": 1604991774}